username,cohort,class,subclass,subclassScore,confidence,evolution,languagesCoverage,manifestCoverage,coldLatencyMs,warmLatencyMs,rest,graphql,manifest,reposInspected
JonathanNwokolo,calibration,Mago,,44.87048611111111,medium,,full,partial,13351,0,39,0,38,27
torvalds,calibration,Guerreiro,,33.7125,low,,full,full,7301,0,11,0,10,8
ahejlsberg,calibration,Mago,,32.525,low,,full,partial,5523,0,7,0,6,4
yyx990803,calibration,Mago,,53.0625,low,,full,partial,32248,0,77,0,76,30
sindresorhus,calibration,Mago,,59.04375,medium,,partial,partial,67323,0,90,0,89,30
kentcdodds,calibration,Mago,,73.65496031746032,medium,,full,partial,61008,0,89,0,88,30
dhh,calibration,Oráculo,,31.949999999999996,low,,full,full,4183,0,5,0,4,4
gvanrossum,calibration,Bardo,,45.68888888888889,medium,,full,partial,8628,0,14,0,13,9
matz,calibration,Guerreiro,,36.452083333333334,medium,,full,partial,5543,0,8,0,7,3
antirez,calibration,Guerreiro,,20.25,low,,full,partial,18468,0,37,0,36,30
gaearon,calibration,Aventureiro,,65.3001488095238,medium,,full,partial,39268,0,79,0,78,28
addyosmani,calibration,Mago,,70.85859375000001,medium,,full,partial,35686,0,71,0,70,30
sebmarkbage,calibration,Mago,,45.135416666666664,medium,,partial,partial,20662,0,50,0,49,30
mdo,calibration,Bardo,,33.4,low,,full,partial,12497,0,24,0,23,19
necolas,calibration,Mago,,58.62291666666667,medium,,full,partial,20390,0,53,0,52,30
mhevery,calibration,Mago,,58.45,medium,,full,partial,28556,0,74,0,73,30
segunadebayo,calibration,Mago,,65.30572916666668,medium,,full,partial,18584,0,49,0,48,16
emilkowalski,calibration,Aventureiro,,55.33307291666668,medium,,full,partial,6723,0,8,0,7,3
iamkun,calibration,Mago,,58.02916666666667,low,,full,partial,5522,0,8,0,7,3
pacocoursey,calibration,Mago,,64.75372596153846,medium,,full,partial,16534,0,33,0,32,13
tiangolo,calibration,Alquimista,,59.25681818181818,low,,full,partial,26525,0,63,0,62,22
TaylorOtwell,calibration,Escriba,,48.0125,medium,,full,partial,16751,0,20,0,19,8
mitsuhiko,calibration,Guerreiro,,49.19791666666667,medium,,partial,partial,36413,0,69,0,68,30
jesseduffield,calibration,Patrulheiro,,59.69583333333334,low,,full,partial,25559,0,54,0,53,30
sharkdp,calibration,Alquimista,,48.33583333333334,medium,,full,partial,26445,0,60,0,59,30
mitchellh,calibration,Guerreiro,,61.86359649122807,low,,full,partial,28928,0,67,0,66,30
kelseyhightower,calibration,Patrulheiro,,47.181944444444454,medium,,full,partial,23383,0,44,0,43,30
EvanBacon,calibration,Mago,,75.15084978070176,medium,,full,partial,41560,0,78,0,77,30
JakeWharton,calibration,Bardo,,48.764583333333334,medium,,full,partial,35774,0,90,0,89,30
Rich-Harris,calibration,Mago,,66.56220238095239,medium,,full,partial,44392,0,89,0,88,30
filipedeschamps,holdout,Bardo,,52.8625,medium,,full,partial,13774,0,39,0,38,16
diego3g,holdout,Mago,,56.63611111111112,medium,,full,partial,30060,0,84,0,83,30
maykbrito,holdout,Mago,,58.437797619047615,medium,,full,partial,33034,0,76,0,75,30
loiane,holdout,Mago,,61.66530934343435,medium,,partial,partial,34798,0,66,0,65,30
beatrizmilz,holdout,Bardo,,48.24166666666667,medium,,full,partial,35428,0,47,0,46,30
omariosouto,holdout,Mago,,69.44192595598847,medium,,full,partial,39880,0,76,0,75,30
swyxio,holdout,Bardo,,59.24791666666667,medium,,full,partial,56044,0,69,0,68,30
antfu,holdout,Mago,,68.4388888888889,medium,,full,partial,50257,0,90,0,89,30
samuelcolvin,holdout,Alquimista,,60.58333333333334,medium,,full,partial,42335,0,65,0,64,30
ThePrimeagen,holdout,Aventureiro,,62.7,medium,,full,partial,35403,0,70,0,69,30
